<?xml version="1.0" encoding="utf-8"?>

<!--
@name     Enhanced Orders|Direct Order Link
@author   Andrii Burkatskyi, ocmod.space@gmail.com
@version  2.3.1
@link     https://www.ocmod.space/enhanced-orders
@link     https://github.com/ocmod-space/ocmod-enhanced-orders
@licence  https://raw.githubusercontent.com/ocmod-space/ocmod-enhanced-orders/main/EULA.txt
-->

<modification>
	<name>#ocmod.space: enhanced-orders|direct-order-link</name>
	<code>enhanced-orders--direct-order-link</code>
	<version>2.3.1</version>
	<author>Andrii Burkatskyi</author>
	<link>https://www.opencart.com/index.php?route=marketplace/extension&amp;filter_member=ocmod.space</link>

    <file path="admin/controller/extension/module/enhanced_orders.php">
        <operation error="log">
            <search><![CDATA[$trigger = 'catalog/view/account/order_info/before';]]></search>
            <add position="before"><![CDATA[
		/// << enhanced-orders|direct-order-link
		$trigger = 'catalog/view/extension/module/order_view/before';
		$action = $this->mroute . '/beforeViewAccountOrderInfo';
		$this->{$event_model}->addEvent($event, $trigger, $action);
		/// >> enhanced-orders|direct-order-link]]>
            </add>
        </operation>
    </file>

    <file path="catalog/controller/extension/module/enhanced_orders.php">
        <operation error="log">
            <search><![CDATA[$oinfo = $this->model_account_order->getOrder($this->request->get['order_id']);]]></search>
            <add position="after"><![CDATA[
            /// << enhanced-orders|direct-order-link
			if (empty($oinfo)) {
				$this->load->model('checkout/order');
				$oinfo = $this->model_checkout_order->getOrder($this->request->get['order_id']);
			}
            /// << enhanced-orders|direct-order-link]]>
            </add>
        </operation>
    </file>

    <file path="catalog/view/theme/*/template/extension/module/order_view.twig" error="log" info="">
        <operation error="log">
            <search>
                <![CDATA[>{{ column_name }}</td>]]>
            </search>
            <add position="replace">
                <![CDATA[ {% if account_image %}colspan="2"{% endif %}>{{ column_name }}</td>]]>
            </add>
        </operation>
        <operation error="log">
            <search>
                <![CDATA[>{{ product.name }}]]>
            </search>
            <add position="replace">
                <![CDATA[ style="min-width: 32ch;">{{ product.name }}]]>
            </add>
        </operation>
        <operation error="log">
            <search>
                <![CDATA[>{{ product.name }}]]>
            </search>
            <add position="before">
                <![CDATA[            {% if account_image %}<td style="text-align:center;min-width:{{ min_width }}px;">{% if product.image %}<img src="{{ product.image }}"/>{% endif %}</td>{% endif %}]]>
            </add>
        </operation>
        <operation error="log">
            <search>
                <![CDATA[{{ product.name }}]]>
            </search>
            <add position="replace">
                <![CDATA[{% if product.href %}<a href="{{ product.href }}" target="_blank">{{ product.name }}</a>{% else %}{{ product.name }}{% endif %}]]>
            </add>
        </operation>
        <operation  error="log">
            <search>
                <![CDATA[<td colspan="3"></td>]]>
            </search>
            <add position="replace">
                <![CDATA[{# <td colspan="3"></td> #}]]>
            </add>
        </operation>
        <operation  error="log">
            <search>
                <![CDATA[<td class="text-right"><b>{{ total.title }}</b></td>]]>
            </search>
            <add position="replace">
                <![CDATA[<td class="text-right" colspan="{% if account_image %}5{% else %}4{% endif %}"><b>{{ total.title }}</b></td>]]>
            </add>
        </operation>
        <operation error="log">
            <search>
                <![CDATA[<td class="text-right">{{ product.price }}</td>]]>
            </search>
            <add position="replace">
                <![CDATA[<td class="text-right text-nowrap" style="white-space: nowrap;">{{ product.price }}</td>]]>
            </add>
        </operation>
        <operation error="log">
            <search>
                <![CDATA[<td class="text-right">{{ product.total }}</td>]]>
            </search>
            <add position="replace">
                <![CDATA[<td class="text-right text-nowrap" style="white-space: nowrap;">{{ product.total }}</td>]]>
            </add>
        </operation>
        <operation error="log">
            <search>
                <![CDATA[<td class="text-left">{{ voucher.description }}</td>]]>
            </search>
            <add position="before">
                <![CDATA[            {% if account_image %}<td style="text-align:center; min-width:{{ min_width }}px;">{% if voucher.image %}<img src="{{ voucher.image }}"/>{% endif %}</td>{% endif %}]]>
            </add>
        </operation>
    </file>


</modification>

