<?xml version="1.0" encoding="utf-8"?>

<!--
@name     OpenCart
@package  Enhanced Orders|Journal3
@author   Andrii Burkatskyi, ocmod.space@gmail.com
@version  2.6.2
@link     https://www.ocmod.space/enhanced-orders
@link     https://www.opencart.com/index.php?route=marketplace/extension/info&extension_id=37121
@link     https://github.com/ocmod-space/ocmod-enhanced-orders
@licence  https://raw.githubusercontent.com/ocmod-space/ocmod-enhanced-orders/main/EULA.txt
-->

<modification>
	<name>/ocmod.space/enhanced_orders/journal3</name>
	<code>enhanced-orders--journal3</code>
	<version>2.6.2</version>
	<author>Andrii Burkatskyi</author>
	<link>https://www.opencart.com/index.php?route=marketplace/extension&amp;filter_member=ocmod.space</link>

    <file path="catalog/controller/journal3/checkout.php" error="log" info="cart voucher image">
        <operation error="log">
            <search>
                <![CDATA[if (!empty($this->session->data['vouchers'])) {]]>
            </search>
            <add position="after">
                <![CDATA[          /// <<< /ocmod.space/enhanced_orders/journal3
			$this->load->model('extension/module/enhanced_orders');
			$this->load->model('tool/image');
			/// >>> /ocmod.space/enhanced_orders/journal3]]>
            </add>
        </operation>
        <operation error="log">
            <search>
                <![CDATA[foreach ($this->session->data['vouchers'] as $key => $voucher) {]]>
            </search>
            <add position="after">
                <![CDATA[				$image = $this->model_extension_module_enhanced_orders->getVoucherImage($voucher['voucher_theme_id']);  /// /ocmod.space/enhanced_orders/journal3]]>
            </add>
        </operation>
        <operation error="log">
            <search>
                <![CDATA[$this->url->link('checkout/cart', 'remove=' . $key),]]>
            </search>
            <add position="before">
                <![CDATA[					'image'       => $this->model_tool_image->resize($image, $this->config->get('theme_' . $this->config->get('config_theme') . '_image_cart_width'), $this->config->get('theme_' . $this->config->get('config_theme') . '_image_cart_height')),  /// /ocmod.space/enhanced_orders/journal3]]>
            </add>
        </operation>
    </file>

    <file path="catalog/view/theme/journal3/template/journal3/checkout/cart.twig" error="log" info="cart voucher image">
        <operation error="log" info="for old Journal 3 versions">
            <ignoreif regex="false" info=""><![CDATA[v-for="(voucher, index) in vouchers"]]></ignoreif>
            <search>
                <![CDATA[<td></td>]]>
            </search>
            <add position="replace">
                <![CDATA[<td><img v-if="voucher.image" :src="voucher.image" :srcset="voucher.image" :title="voucher.description" class="img-thumbnail"/></td>]]>
            </add>
        </operation>
        <operation error="log" info="for newer Journal 3 versions">
            <ignoreif regex="false" info=""><![CDATA[v-for="voucher in vouchers"]]></ignoreif>
            <search>
                <![CDATA[<tr v-for="(voucher, index) in vouchers">]]>
            </search>
            <add position="replace">
                <![CDATA[        <tr v-for="(voucher, index) in vouchers">
          {#]]>
            </add>
        </operation>
        <operation error="log" info="for newer Journal 3 versions">
            <ignoreif regex="false" info=""><![CDATA[v-for="voucher in vouchers"]]></ignoreif>
            <search>
                <![CDATA[<td class="text-left td-product" v-html="voucher.description">]]>
            </search>
            <add position="before">
                <![CDATA[          #}
          <td>
            <img v-if="voucher.image" :src="voucher.image" :srcset="voucher.image" :title="voucher.description" class="img-thumbnail"/>
          </td>]]>
            </add>
        </operation>
    </file>

</modification>

