<?xml version="1.0" encoding="utf-8"?>

<!--
@name     Enhanced Orders|Json Ld
@author   Andrii Burkatskyi, ocmod.space@gmail.com
@version  2.5.4
@link     https://www.ocmod.space/enhanced-orders
@link     https://github.com/ocmod-space/ocmod-enhanced-orders
@licence  https://raw.githubusercontent.com/ocmod-space/ocmod-enhanced-orders/main/EULA.txt
-->

<modification>
	<name>#ocmod.space: enhanced-orders|json-ld</name>
	<code>enhanced-orders--json-ld</code>
	<version>2.5.4</version>
	<author>Andrii Burkatskyi</author>
	<link>https://www.opencart.com/index.php?route=marketplace/extension&amp;filter_member=ocmod.space</link>

    <file path="catalog/view/theme/*/template/mail/order_add.twig">
        <operation error="log">
            <search ><![CDATA[<body]]></search>
            <add position="after"><![CDATA[
{% if json_ld %}
<script type="application/ld+json">
{{ json_ld }}
</script>
{% endif %}]]>
            </add>
        </operation>
    </file>

    <file path="catalog/controller/extension/module/enhanced_orders.php">
        <operation error="log">
            <search index="1"><![CDATA[$data['same_address'] = ($data['payment_address'] == $data['shipping_address'])]]></search>
            <add position="after"><![CDATA[
			/// << enhanced-orders|json-ld
			$total = number_format($order_info['total'], 2, '.', '');

			$order_data = array(
				'@context'           => 'https://www.schema.org',
				'@type'              => 'Order',
				'merchant'           => array(
					'@type'  => 'Organization',
					'name'   => $order_info['store_name']
				),
				'orderNumber'        => $order_info['order_id'],
				'orderDate'          => $order_info['date_added'],
				'orderStatus'        => 'http://schema.org/OrderProcessing',
				'priceCurrency'      => $order_info['currency_code'],
				'price'              => $total,
				'priceSpecification' => array(
					'@type'         => 'PriceSpecification',
					'validFrom'     => $order_info['date_added'],
					'price'         => $total,
					'priceCurrency' => $order_info['currency_code']
				),
				'url'                => $data['link'] ?? '',
				'potentialAction'    => array(
					'@type'  => 'ViewAction',
					'url'   => $data['link'] ?? '',
				),
			);

			$accepted_offer = array();

			foreach ($order_products as $order_product) {
				$price = number_format($order_product['price'], 2, '.', '');

				$accepted_offer[] = array(
					'@type'            => 'Offer',
					'itemOffered'      => array(
						'@type' => 'Product',
						'name'  => $order_product['name'],
					),
					'price'            => $price,
					'priceCurrency'    => $order_info['currency_code'],
					'eligibleQuantity' => array(
						'@type' => 'QuantitativeValue',
						'value' => $order_product['quantity']
					)
				);
			}

			foreach ($order_vouchers as $order_voucher) {
				$amount = number_format($order_product['amount'], 2, '.', '');

				$accepted_offer[] = array(
					'@type'         => 'Offer',
					'itemOffered'   => array(
						'@type' => 'Product',
						'name'  => substr(strip_tags($order_voucher['description']), 0, 128) . '...',
					),
					'price'         => $amount,
					'priceCurrency' => $order_info['currency_code'],
				);
			}

			ksort($accepted_offer);

			foreach ($order_totals as $order_total) {
				if ($order_total['code'] == 'sub_total'
					|| $order_total['code'] == 'total'
					|| $order_total['code'] == 'tax'
					|| !(float)$order_total['value']
				) {
					continue;
				}

				$value = number_format($order_total['value'], 2, '.', '');

				$accepted_offer[] = array(
					'@type'         => 'Offer',
					'itemOffered'   => array(
						'@type' => 'Product',
						'name'  => $order_total['title'],
					),
					'price'         => $value,
					'priceCurrency' => $order_info['currency_code'],
				);
			}

			$order_data['acceptedOffer'] = $accepted_offer;
			ksort($order_data);

			// $data['json_ld'] = json_encode($order_data, JSON_NUMERIC_CHECK);
			$data['json_ld'] = json_encode($order_data);
			/// >> enhanced-orders|json-ld]]>
            </add>
        </operation>
    </file>

</modification>

