<?xml version="1.0" encoding="utf-8"?>

<!--
@name     Enhanced Orders|Json Ld
@author   Andrii Burkatskyi, ocmod.space@gmail.com
@version  2.4.0
@link     https://www.ocmod.space/enhanced-orders
@link     https://github.com/ocmod-space/ocmod-enhanced-orders
@licence  https://raw.githubusercontent.com/ocmod-space/ocmod-enhanced-orders/main/EULA.txt
-->

<modification>
	<name>#ocmod.space: enhanced-orders|json-ld</name>
	<code>enhanced-orders--json-ld</code>
	<version>2.4.0</version>
	<author>Andrii Burkatskyi</author>
	<link>https://www.opencart.com/index.php?route=marketplace/extension&amp;filter_member=ocmod.space</link>

    <file path="catalog/view/theme/*/template/mail/order_add.twig">
        <operation error="log">
            <search ><![CDATA[<body]]></search>
            <add position="after"><![CDATA[
{% if json_ld %}
<script type="application/ld+json">
{{ json_ld }}
</script>
{% endif %}]]>
            </add>
        </operation>
    </file>

    <file path="catalog/controller/extension/module/enhanced_orders.php">
        <operation error="log">
            <search index="1"><![CDATA[$data['same_address'] = ($data['payment_address'] == $data['shipping_address'])]]></search>
            <add position="after"><![CDATA[
			/// << enhanced-orders|json-ld
			$json_ld = array(
				'@context'      => 'https://www.schema.org',
				'@type'         => 'Order',
				'seller'        => array(
					'@type'  => 'Organization',
					'name'   => $order_info['store_name'],
					'sameAs' => $order_info['store_url']
				),
				'orderNumber'   => $order_info['order_id'],
				'priceCurrency' => $order_info['currency_code'],
				'price'         => $order_info['total'],
				'orderDate'     => $order_info['date_added'],
				'url'           => $data['link'],
			);

			$accepted_offer = array();

			foreach ($order_products as $order_product) {
				$accepted_offer[] = array(
					'@type'            => 'Offer',
					'itemOffered'      => array(
						'@type'  => 'Product',
						'name'   => $order_product['name'],
						'model'  => $order_product['model'],
						'sku'    => $order_product['sku'] ?? '',
						'rating' => '',
						'url'    => $this->url->link('product/product&product_id=' . $order_product['product_id']),
						'image'  => $data['products'][$order_product['product_id']]['image'] ?: '',
						'offers' => array(
							'@type'         => 'Offer',
							'price'         => $order_product['price'] +
								($this->config->get('config_tax') ? $order_product['tax'] : 0),
							'priceCurrency' => $order_info['currency_code'],
							'url'           => $this->url->link('product/product&product_id=' . $order_product['product_id']),
						)
					),
					'price'            => $order_product['price'] +
						($this->config->get('config_tax') ? $order_product['tax'] : 0),
					'priceCurrency'    => $order_info['currency_code'],
					'eligibleQuantity' => array(
						'@type' => 'QuantitativeValue',
						'value' => $order_product['quantity']
					)
				);
			}

			$json_ld['acceptedOffer'] = $accepted_offer;

			$data['json_ld'] = json_encode($json_ld);
			/// >> enhanced-orders|json-ld]]>
            </add>
        </operation>
    </file>

</modification>

