<?xml version="1.0" encoding="utf-8"?>

<!--
@name     Enhanced Orders|Product Description
@author   Andrii Burkatskyi, ocmod.space@gmail.com
@version  2.2.0
@link     https://www.opencart.com/index.php?route=marketplace/extension/info&extension_id=37121
@link     https://github.com/ocmod-space/ocmod-enhanced-orders
@licence  https://raw.githubusercontent.com/ocmod-space/ocmod-enhanced-orders/main/EULA.txt
-->

<modification>
	<name>#ocmod.space: enhanced-orders|product-description</name>
	<code>enhanced-orders--product-description</code>
	<version></version>
	<author>Andrii Burkatskyi</author>
	<link>https://www.opencart.com/index.php?route=marketplace/extension&amp;filter_member=ocmod.space</link

    <file path="admin/controller/sale/order.php" error="log">
        <operation error="log">
            <search line="1615,1806">
                <![CDATA[$product_data[] = array(]]>
            </search>
            <add position="before">
                <![CDATA[					/// << Enhanced Option > Product Description
					$description = strip_tags(html_entity_decode($this->model_catalog_product->getProductDescriptions($product['product_id'])[$order_info['language_id']]['description']));
					$description = strlen($description) > 100 ? substr($description, 0, 100) . '...' : $description;
					/// >> Enhanced Option > Product Description]]>
            </add>
        </operation>
        <operation error="log">
            <search line="1589,1765">
                <![CDATA[$products = $this->model_sale_order->getOrderProducts($order_id);]]>
            </search>
            <add position="after">
                <![CDATA[				$this->load->model('catalog/product');  /// Enhanced Option > Product Description]]>
            </add>
        </operation>
        <operation error="log">
            <search line="1616">
                <![CDATA['name'     => $product['name'],]]>
            </search>
            <add position="after">
                <![CDATA[						'description' => $description,  /// Enhanced Option > Product Description]]>
            </add>
        </operation>
        <operation error="log">
            <search line="1807">
                <![CDATA['name'     => $product_info['name'],]]>
            </search>
            <add position="after">
                <![CDATA[							'description' => $description,  /// Enhanced Option > Product Description]]>
            </add>
        </operation>
    </file>

    <file path="admin/view/template/sale/order_invoice.twig" error="log" info="product description in order invoice">
        <operation error="log">
            <search line="69">
                <![CDATA[{% if invoice_product_image %}colspan="2"{% endif %}]]>
            </search>
            <add position="replace">
                <![CDATA[{% if invoice_product_image %}colspan="3"{% else %}colspan="2"{% endif %}]]>
            </add>
        </operation>
        <operation error="log">
            <search line="84">
                <![CDATA[<td>{{ product.model }}</td>]]>
            </search>
            <add position="before">
                <![CDATA[          <td style="text-align: center;">{{ product.description }}</td>]]>
            </add>
        </operation>
        <operation error="log">
            <search line="101">
                <![CDATA[{% if invoice_product_image %}5{% else %}4]]>
            </search>
            <add position="replace">
                <![CDATA[{% if invoice_product_image %}6{% else %}5]]>
            </add>
        </operation>
    </file>

    <file path="admin/view/template/sale/order_shipping.twig" error="log" info="product description in order shipping list">
        <operation error="log">
            <search line="64">
                <![CDATA[{% if shipping_product_image %}colspan="2"{% endif %}]]>
            </search>
            <add position="replace">
                <![CDATA[{% if shipping_product_image %}colspan="3"{% else %}colspan="2"{% endif %}]]>
            </add>
        </operation>

        <operation error="log">
            <search line="97">
                <![CDATA[<td>{{ product.weight }}</td>]]>
            </search>
            <add position="before">
                <![CDATA[          <td style="text-align: center;">{{ product.description }}</td>]]>
            </add>
        </operation>
    </file>

    <file path="catalog/controller/extension/module/enhanced_orders.php" error="log" info="product description in emails">
        <operation error="log">
            <search line="286">
                <![CDATA[$product_info = $this->model_catalog_product->getProduct($product['product_id']);]]>
            </search>
            <add position="after">
                <![CDATA[
									/// << Enhanced Option > Product Description
									$description = strip_tags(html_entity_decode($product_info['description']));
									$description = strlen($description) > 100 ? substr($description, 0, 100) . '...' : $description;

									$product['description'] = $description;
									/// >> Enhanced Option > Product Description]]>
            </add>
        </operation>
    </file>

    <file path="catalog/view/theme/*/template/mail/order_add.twig" error="log">
        <operation error="log">
            <search line="71">
                <![CDATA[colspan="2"]]>
            </search>
            <add position="replace">
                <![CDATA[colspan="3"]]>
            </add>
        </operation>
        <operation error="log">
            <search line="85">
                <![CDATA[{{ product.model }}]]>
            </search>
            <add position="before">
                <![CDATA[      <td style="font-size: 12px; border-right: 1px solid #DDDDDD; border-bottom: 1px solid #DDDDDD; text-align: left; padding: 7px;">{{ product.description }}</td>]]>
            </add>
        </operation>
        <operation error="log">
            <search line="104">
                <![CDATA[colspan="5"]]>
            </search>
            <add position="replace">
                <![CDATA[colspan="6"]]>
            </add>
        </operation>
    </file>
</modification>
