<?xml version="1.0" encoding="utf-8"?>

<!--
@name     OpenCart
@package  Enhanced Orders|Wholesale Options
@author   Andrii Burkatskyi, ocmod.space@gmail.com
@version  2.6.2
@link     https://www.ocmod.space/enhanced-orders
@link     https://www.opencart.com/index.php?route=marketplace/extension/info&extension_id=37121
@link     https://github.com/ocmod-space/ocmod-enhanced-orders
@licence  https://raw.githubusercontent.com/ocmod-space/ocmod-enhanced-orders/main/EULA.txt
-->

<modification>
	<name>/ocmod.space/enhanced_orders/wholesale_options</name>
	<code>enhanced-orders--wholesale-options</code>
	<version>2.6.2</version>
	<author>Andrii Burkatskyi</author>
	<link>https://www.opencart.com/index.php?route=marketplace/extension&amp;filter_member=ocmod.space</link>

    <file path="catalog/controller/extension/module/enhanced_orders.php">
        <operation error="log">
            <search><![CDATA[$option_data[] = []]></search>
            <add position="before"><![CDATA[
					/// <<< /ocmod.space/enhanced_orders/wholesale_options
					$length = strpos($value, '<span' );

					if ($length !== false) {
						$value = utf8_substr($value, 0, $length);
					}
					/// >>> /ocmod.space/enhanced_orders/wholesale_options]]>
            </add>
        </operation>
    </file>

</modification>

