<?xml version="1.0" encoding="utf-8"?>

<!--
@name     Enhanced Orders|Mail Table Paddings
@author   Andrii Burkatskyi, ocmod.space@gmail.com
@version  2.6.0
@link     https://www.ocmod.space/enhanced-orders
@link     https://github.com/ocmod-space/ocmod-enhanced-orders
@licence  https://raw.githubusercontent.com/ocmod-space/ocmod-enhanced-orders/main/EULA.txt
-->

<modification>

	<name>#ocmod.space: enhanced-orders|mail-table-paddings</name>
	<code>enhanced-orders--mail-table-paddings</code>
	<version>2.6.0</version>
	<author>Andrii Burkatskyi</author>
	<link>https://www.opencart.com/index.php?route=marketplace/extension&amp;filter_member=ocmod.space</link>

    <file path="catalog/view/theme/*/template/mail/order_add.twig" error="log">
        <operation error="log">
            <search>
                <![CDATA[padding: 7px]]>
            </search>
            <add position="replace">
                <![CDATA[padding: 2px 7px 2px 7px]]>
            </add>
        </operation>
    </file>

</modification>

