<?xml version="1.0" encoding="utf-8"?>

<!--
@name     Enhanced Orders|Custom Field
@author   Andrii Burkatskyi, ocmod.space@gmail.com
@version  2.2.0
@link     https://www.ocmod.space/enhanced-orders
@link     https://github.com/ocmod-space/ocmod-enhanced-orders
@licence  https://raw.githubusercontent.com/ocmod-space/ocmod-enhanced-orders/main/EULA.txt
-->

<modification>
	<name>#ocmod.space: enhanced-orders|custom-field</name>
	<code>enhanced-orders--custom-field</code>
	<version>2.2.0</version>
	<author>Andrii Burkatskyi</author>
	<link>https://www.opencart.com/index.php?route=marketplace/extension&amp;filter_member=ocmod.space</link>

    <file path="admin/controller/extension/module/enhanced_orders.php">
        <operation error="log">
            <search><![CDATA[$data['payment_address'] = str_replace(array("\r\n", "\r", "\n"), '<br />', preg_replace(array("/\s\s+/", "/\r\r+/", "/\n\n+/"), '<br />', trim(str_replace($find, $replace, $format))));]]></search>
            <add position="after"><![CDATA[$data['payment_address'] = ($order_info['payment_firstname']) ? $data['payment_address'] : '';]]></add>
        </operation>
        <operation error="log">
            <search><![CDATA[$data['payment_address'] = str_replace(array("\r\n", "\r", "\n"), '<br />', preg_replace(array("/\s\s+/", "/\r\r+/", "/\n\n+/"), '<br />', trim(str_replace($find, $replace, $format))));]]></search>
            <add position="before"><![CDATA[
        $this->load->model('customer/custom_field');
        $custom_fields = $this->model_customer_custom_field->getCustomFields(array('filter_customer_group_id' => $order_info['customer_group_id'], 'sort' => 'cf.sort_order'));

        if (is_array($custom_fields)) {
            foreach ($custom_fields as $custom_field) {
                if (isset($order_info['payment_custom_field'][$custom_field['custom_field_id']])) {
                    $payment_custom_field_value = $order_info['payment_custom_field'][$custom_field['custom_field_id']];
                }

                if (isset($order_info['custom_field'][$custom_field['custom_field_id']])) {
                    $payment_custom_field_value = $order_info['custom_field'][$custom_field['custom_field_id']];
                }

                if (isset($payment_custom_field_value)) {
                    if ($custom_field['type'] == 'select' || $custom_field['type'] == 'radio' || $custom_field['type'] == 'checkbox') {
                        $custom_field_options = $this->model_customer_custom_field->getCustomFieldValues($custom_field['custom_field_id']);

                        foreach ($custom_field_options as $custom_field_option) {
                            if ($custom_field_option['custom_field_value_id'] == $payment_custom_field_value) {
                                $payment_custom_field_value = $custom_field_option['name'];
                            }
                        }
                    }

                    $format = str_replace('{custom_field_' . $custom_field['custom_field_id'] . '}', $payment_custom_field_value, $format);
                }
            }
        }

        $format = preg_replace('/(({custom_field(.*?)?}))/sim', '', $format);]]>
            </add>
        </operation>
        <operation error="log">
            <search><![CDATA[$data['shipping_address'] = str_replace(array("\r\n", "\r", "\n"), '<br />', preg_replace(array("/\s\s+/", "/\r\r+/", "/\n\n+/"), '<br />', trim(str_replace($find, $replace, $format))));]]></search>
            <add position="after"><![CDATA[$data['shipping_address'] = ($order_info['shipping_firstname']) ? $data['shipping_address'] : '';]]></add>
        </operation>
        <operation error="log">
            <search><![CDATA[$data['shipping_address'] = str_replace(array("\r\n", "\r", "\n"), '<br />', preg_replace(array("/\s\s+/", "/\r\r+/", "/\n\n+/"), '<br />', trim(str_replace($find, $replace, $format))));]]></search>
            <add position="before"><![CDATA[
        if (is_array($custom_fields)) {
            foreach ($custom_fields as $custom_field) {
                if (isset($order_info['shipping_custom_field'][$custom_field['custom_field_id']])) {
                    $shipping_custom_field_value = $order_info['shipping_custom_field'][$custom_field['custom_field_id']];
                }

                if (isset($order_info['custom_field'][$custom_field['custom_field_id']])) {
                    $shipping_custom_field_value = $order_info['custom_field'][$custom_field['custom_field_id']];
                }

                if (isset($shipping_custom_field_value)) {
                    if ($custom_field['type'] == 'select' || $custom_field['type'] == 'radio' || $custom_field['type'] == 'checkbox') {
                        $custom_field_options = $this->model_customer_custom_field->getCustomFieldValues($custom_field['custom_field_id']);

                        foreach ($custom_field_options as $custom_field_option) {
                            if ($custom_field_option['custom_field_value_id'] == $shipping_custom_field_value) {
                                $shipping_custom_field_value = $custom_field_option['name'];
                            }
                        }
                    }

                    $format = str_replace('{custom_field_' . $custom_field['custom_field_id'] . '}', $shipping_custom_field_value, $format);
                }
            }
        }

        $format = preg_replace('/(({custom_field(.*?)?}))/sim', '', $format);]]>
            </add>
        </operation>

        <operation error="log">
            <search><![CDATA[$order['payment_address'] = str_replace(array("\r\n", "\r", "\n"), '<br />', preg_replace(array("/\s\s+/", "/\r\r+/", "/\n\n+/"), '<br />', trim(str_replace($find, $replace, $format))));]]></search>
            <add position="after"><![CDATA[$order['payment_address'] = ($order_info['payment_firstname']) ? $order['payment_address'] : '';]]></add>
        </operation>
        <operation error="log">
            <search><![CDATA[$order['payment_address'] = str_replace(array("\r\n", "\r", "\n"), '<br />', preg_replace(array("/\s\s+/", "/\r\r+/", "/\n\n+/"), '<br />', trim(str_replace($find, $replace, $format))));]]></search>
            <add position="before"><![CDATA[
        $this->load->model('customer/custom_field');
        $custom_fields = $this->model_customer_custom_field->getCustomFields(array('filter_customer_group_id' => $order_info['customer_group_id'], 'sort' => 'cf.sort_order'));

        if (is_array($custom_fields)) {
            foreach ($custom_fields as $custom_field) {
                if (isset($order_info['payment_custom_field'][$custom_field['custom_field_id']])) {
                    $payment_custom_field_value = $order_info['payment_custom_field'][$custom_field['custom_field_id']];
                }

                if (isset($order_info['custom_field'][$custom_field['custom_field_id']])) {
                    $payment_custom_field_value = $order_info['custom_field'][$custom_field['custom_field_id']];
                }

                if (isset($payment_custom_field_value)) {
                    if ($custom_field['type'] == 'select' || $custom_field['type'] == 'radio' || $custom_field['type'] == 'checkbox') {
                        $custom_field_options = $this->model_customer_custom_field->getCustomFieldValues($custom_field['custom_field_id']);

                        foreach ($custom_field_options as $custom_field_option) {
                            if ($custom_field_option['custom_field_value_id'] == $payment_custom_field_value) {
                                $payment_custom_field_value = $custom_field_option['name'];
                            }
                        }
                    }

                    $format = str_replace('{custom_field_' . $custom_field['custom_field_id'] . '}', $payment_custom_field_value, $format);
                }
            }
        }

        $format = preg_replace('/(({custom_field(.*?)?}))/sim', '', $format);]]>
            </add>
        </operation>
        <operation error="log">
            <search><![CDATA[$order['shipping_address'] = str_replace(array("\r\n", "\r", "\n"), '<br />', preg_replace(array("/\s\s+/", "/\r\r+/", "/\n\n+/"), '<br />', trim(str_replace($find, $replace, $format))));]]></search>
            <add position="after"><![CDATA[$order['shipping_address'] = ($order_info['shipping_firstname']) ? $order['shipping_address'] : '';]]></add>
        </operation>
        <operation error="log">
            <search><![CDATA[$order['shipping_address'] = str_replace(array("\r\n", "\r", "\n"), '<br />', preg_replace(array("/\s\s+/", "/\r\r+/", "/\n\n+/"), '<br />', trim(str_replace($find, $replace, $format))));]]></search>
            <add position="before"><![CDATA[
        if (is_array($custom_fields)) {
            foreach ($custom_fields as $custom_field) {
                if (isset($order_info['shipping_custom_field'][$custom_field['custom_field_id']])) {
                    $shipping_custom_field_value = $order_info['shipping_custom_field'][$custom_field['custom_field_id']];
                }

                if (isset($order_info['custom_field'][$custom_field['custom_field_id']])) {
                    $shipping_custom_field_value = $order_info['custom_field'][$custom_field['custom_field_id']];
                }

                if (isset($shipping_custom_field_value)) {
                    if ($custom_field['type'] == 'select' || $custom_field['type'] == 'radio' || $custom_field['type'] == 'checkbox') {
                        $custom_field_options = $this->model_customer_custom_field->getCustomFieldValues($custom_field['custom_field_id']);

                        foreach ($custom_field_options as $custom_field_option) {
                            if ($custom_field_option['custom_field_value_id'] == $shipping_custom_field_value) {
                                $shipping_custom_field_value = $custom_field_option['name'];
                            }
                        }
                    }

                    $format = str_replace('{custom_field_' . $custom_field['custom_field_id'] . '}', $shipping_custom_field_value, $format);
                }
            }
        }

        $format = preg_replace('/(({custom_field(.*?)?}))/sim', '', $format);]]>
            </add>
        </operation>
        <!-- <operation error="log">
            <search><![CDATA[$custom_fields = $this->model_customer_custom_field->getCustomFields($filter_data);]]></search>
            <add position="replace"><![CDATA[$custom_fields = $this->model_customer_custom_field->getCustomFields(array('filter_customer_group_id' => isset($order_info['customer_group_id']) ? $order_info['customer_group_id'] : '', 'sort' => 'cf.sort_order'));]]></add>
        </operation> -->
        <operation error="log">
            <search><![CDATA[foreach ($data['orders'] as &$order) {]]></search>
            <add position="before"><![CDATA[$this->load->model('customer/custom_field');]]></add>
        </operation>
        <!-- <operation error="log">
            <search><![CDATA[$store_info = $this->model_setting_setting->getSetting('config', $order_info['store_id']);]]></search>
            <add position="after"><![CDATA[
        $custom_fields = $this->model_customer_custom_field->getCustomFields(array('filter_customer_group_id' => $order_info['customer_group_id'], 'sort' => 'cf.sort_order'));
        ]]></add>
        </operation> -->
    </file>

    
    <file path="catalog/controller/extension/module/enhanced_orders.php">
        <operation error="log">
            <search><![CDATA[$data['payment_address'] = str_replace(array("\r\n", "\r", "\n"), '<br />', preg_replace(array("/\s\s+/", "/\r\r+/", "/\n\n+/"), '<br />', trim(str_replace($find, $replace, $format))));]]></search>
            <add position="after"><![CDATA[$data['payment_address'] = ($order_info['payment_firstname']) ? $data['payment_address'] : '';]]></add>
        </operation>
        <operation error="log">
            <search><![CDATA[$data['payment_address'] = str_replace(array("\r\n", "\r", "\n"), '<br />', preg_replace(array("/\s\s+/", "/\r\r+/", "/\n\n+/"), '<br />', trim(str_replace($find, $replace, $format))));]]></search>
            <add position="before"><![CDATA[
        $this->load->model('account/custom_field');
        $custom_fields = $this->model_account_custom_field->getCustomFields(array('filter_customer_group_id' => $order_info['customer_group_id'], 'sort' => 'cf.sort_order'));

        if (is_array($custom_fields)) {
            foreach ($custom_fields as $custom_field) {
                if (isset($order_info['payment_custom_field'][$custom_field['custom_field_id']])) {
                    $payment_custom_field_value = $order_info['payment_custom_field'][$custom_field['custom_field_id']];
                }

                if (isset($order_info['custom_field'][$custom_field['custom_field_id']])) {
                    $payment_custom_field_value = $order_info['custom_field'][$custom_field['custom_field_id']];
                }

                if (isset($payment_custom_field_value)) {
                    if ($custom_field['type'] == 'select' || $custom_field['type'] == 'radio' || $custom_field['type'] == 'checkbox') {
                        $custom_field_options = $this->model_account_custom_field->getCustomFieldValues($custom_field['custom_field_id']);

                        foreach ($custom_field_options as $custom_field_option) {
                            if ($custom_field_option['custom_field_value_id'] == $payment_custom_field_value) {
                                $payment_custom_field_value = $custom_field_option['name'];
                            }
                        }
                    }

                    $format = str_replace('{custom_field_' . $custom_field['custom_field_id'] . '}', $payment_custom_field_value, $format);
                }
            }
        }

        $format = preg_replace('/(({custom_field(.*?)?}))/sim', '', $format);]]>
            </add>
        </operation>
        <operation error="log">
            <search><![CDATA[$data['shipping_address'] = str_replace(array("\r\n", "\r", "\n"), '<br />', preg_replace(array("/\s\s+/", "/\r\r+/", "/\n\n+/"), '<br />', trim(str_replace($find, $replace, $format))));]]></search>
            <add position="after"><![CDATA[$data['shipping_address'] = ($order_info['shipping_firstname']) ? $data['shipping_address'] : '';]]></add>
        </operation>
        <operation error="log">
            <search><![CDATA[$data['shipping_address'] = str_replace(array("\r\n", "\r", "\n"), '<br />', preg_replace(array("/\s\s+/", "/\r\r+/", "/\n\n+/"), '<br />', trim(str_replace($find, $replace, $format))));]]></search>
            <add position="before"><![CDATA[
        if (is_array($custom_fields)) {
            foreach ($custom_fields as $custom_field) {
                if (isset($order_info['shipping_custom_field'][$custom_field['custom_field_id']])) {
                    $shipping_custom_field_value = $order_info['shipping_custom_field'][$custom_field['custom_field_id']];
                }

                if (isset($order_info['custom_field'][$custom_field['custom_field_id']])) {
                    $shipping_custom_field_value = $order_info['custom_field'][$custom_field['custom_field_id']];
                }

                if (isset($shipping_custom_field_value)) {
                    if ($custom_field['type'] == 'select' || $custom_field['type'] == 'radio' || $custom_field['type'] == 'checkbox') {
                        $custom_field_options = $this->model_account_custom_field->getCustomFieldValues($custom_field['custom_field_id']);

                        foreach ($custom_field_options as $custom_field_option) {
                            if ($custom_field_option['custom_field_value_id'] == $shipping_custom_field_value) {
                                $shipping_custom_field_value = $custom_field_option['name'];
                            }
                        }
                    }

                    $format = str_replace('{custom_field_' . $custom_field['custom_field_id'] . '}', $shipping_custom_field_value, $format);
                }
            }
        }

        $format = preg_replace('/(({custom_field(.*?)?}))/sim', '', $format);]]>
            </add>
        </operation>
    </file>

</modification>

