<?xml version="1.0" encoding="utf-8"?>

<!--
@name     Enhanced Orders|Journal
@author   Andrii Burkatskyi, ocmod.space@gmail.com
@version  2.2.0
@link     https://www.ocmod.space/enhanced-orders
@link     https://github.com/ocmod-space/ocmod-enhanced-orders
@licence  https://raw.githubusercontent.com/ocmod-space/ocmod-enhanced-orders/main/EULA.txt
-->

<modification>
	<name>#ocmod.space: enhanced-orders|journal</name>
	<code>enhanced-orders--journal</code>
	<version>2.2.0</version>
	<author>Andrii Burkatskyi</author>
	<link>https://www.opencart.com/index.php?route=marketplace/extension&amp;filter_member=ocmod.space</link>

    <file path="catalog/controller/journal3/checkout.php" error="log" info="cart voucher image">
        <operation error="log">
            <search>
                <![CDATA[if (!empty($this->session->data['vouchers'])) {]]>
            </search>
            <add position="after">
                <![CDATA[          /// << enhanced-orders|journal
			$this->load->model('extension/module/enhanced_orders');
			$this->load->model('tool/image');
			/// >> enhanced-orders|journal]]>
            </add>
        </operation>
        <operation error="log">
            <search>
                <![CDATA[foreach ($this->session->data['vouchers'] as $key => $voucher) {]]>
            </search>
            <add position="after">
                <![CDATA[				$vimage = $this->model_extension_module_enhanced_orders->getVoucherImage($voucher['voucher_theme_id']);  /// enhanced-orders|journal]]>
            </add>
        </operation>
        <operation error="log">
            <search>
                <![CDATA[$this->url->link('checkout/cart', 'remove=' . $key),]]>
            </search>
            <add position="before">
                <![CDATA[					'image'       => $this->model_tool_image->resize($vimage, $this->config->get('theme_' . $this->config->get('config_theme') . '_image_cart_width'), $this->config->get('theme_' . $this->config->get('config_theme') . '_image_cart_height')),  /// enhanced-orders|journal]]>
            </add>
        </operation>
    </file>

    <file path="catalog/view/theme/journal3/template/journal3/checkout/cart.twig" error="log" info="cart voucher image">
        <operation error="log">
            <search>
                <![CDATA[<tr v-for="(voucher, index) in vouchers">]]>
            </search>
            <add position="after">
                <![CDATA[          {# << enhanced-orders|journal ]]>
            </add>
        </operation>
        <operation error="log">
            <search>
                <![CDATA[<td class="text-left td-product" v-html="voucher.description">]]>
            </search>
            <add position="before">
                <![CDATA[          #}
          <td class="text-center td-image">
          <img v-if="voucher.image" :src="voucher.image" :srcset="voucher.image" :title="voucher.description" class="img-thumbnail"/>
          </td>
          {# >> enhanced-orders|journal #}]]>
            </add>
        </operation>
    </file>

</modification>

