<?xml version="1.0" encoding="utf-8"?>

<!--
@name     Enhanced Orders|Journal
@author   Andrii Burkatskyi, ocmod.space@gmail.com
@version  2.1.2
@link     https://www.opencart.com/index.php?route=marketplace/extension/info&extension_id=37121
@link     https://github.com/ocmod-space/ocmod-enhanced-orders
@licence  https://raw.githubusercontent.com/ocmod-space/ocmod-enhanced-orders/main/EULA.txt
-->

<modification>
	<name>#ocmod.space: enhanced-orders|journal</name>
	<code>enhanced-orders--journal</code>
	<version>2.1.2</version>
	<author>Andrii Burkatskyi</author>
	<link>https://www.opencart.com/index.php?route=marketplace/extension&amp;filter_member=ocmod.space</link>

<!-- Journal 3 Account -->

    <file path="catalog/view/theme/journal3/template/account/order_info.twig" error="log">
        <operation error="log">
            <search>
                <![CDATA[<td class="text-right">{{ product.price }}</td>]]>
            </search>
            <add position="replace">
                <![CDATA[<td class="text-right text-nowrap">{{ product.price }}</td>]]>
            </add>
        </operation>
        <operation error="log">
            <search>
                <![CDATA[<td class="text-right">{{ product.total }}</td>]]>
            </search>
            <add position="replace">
                <![CDATA[<td class="text-right text-nowrap">{{ product.total }}</td>]]>
            </add>
        </operation>
        <operation error="log">
            <search>
                <![CDATA[<td class="text-right">{{ total.text }}</td>]]>
            </search>
            <add position="replace">
                <![CDATA[<td class="text-right text-nowrap">{{ total.text }}</td>]]>
            </add>
        </operation>
    </file>

</modification>

